variable,VIF
psh_beds_pc,2.9979795849942876
rrh_beds_pc,2.5276191996361628
es_beds_pc,1.3855334368851149
